document_id,document_type,document_title,document_status,control_id,control_level,control_domain,control_title,rationale
DEVSECOPS-POL-001,policy,DevSecOps Policy - Software Defined Defence (SDD),draft,DSCB-GOV-REQ-001,GOV,applicability,Applicability,Establishes that the DevSecOps governance baseline is mandatory for applicable programs and platforms.
DEVSECOPS-POL-001,policy,DevSecOps Policy - Software Defined Defence (SDD),draft,DSCB-GOV-REQ-002,GOV,compliance_verification,Compliance Verification,Establishes that the DevSecOps governance baseline is mandatory for applicable programs and platforms.
DEVSECOPS-POL-001,policy,DevSecOps Policy - Software Defined Defence (SDD),draft,DSCB-GOV-REQ-003,GOV,compliance_verification,Compliance Verification,Establishes that the DevSecOps governance baseline is mandatory for applicable programs and platforms.
DEVSECOPS-POL-001,policy,DevSecOps Policy - Software Defined Defence (SDD),draft,DSCB-GOV-REQ-004,GOV,deviations,Deviations,Establishes that the DevSecOps governance baseline is mandatory for applicable programs and platforms.
DEVSECOPS-POL-001,policy,DevSecOps Policy - Software Defined Defence (SDD),draft,DSCB-GOV-REQ-005,GOV,deviations,Deviations,Establishes that the DevSecOps governance baseline is mandatory for applicable programs and platforms.
DEVSECOPS-POL-001,policy,DevSecOps Policy - Software Defined Defence (SDD),draft,DSCB-L1-REQ-001,L1,traceability,Traceability,Establishes that the DevSecOps governance baseline is mandatory for applicable programs and platforms.
DEVSECOPS-POL-001,policy,DevSecOps Policy - Software Defined Defence (SDD),draft,DSCB-L1-REQ-002,L1,source_code_integrity,Source Code Integrity,Establishes that the DevSecOps governance baseline is mandatory for applicable programs and platforms.
DEVSECOPS-POL-001,policy,DevSecOps Policy - Software Defined Defence (SDD),draft,DSCB-L1-REQ-003,L1,source_code_integrity,Source Code Integrity,Establishes that the DevSecOps governance baseline is mandatory for applicable programs and platforms.
DEVSECOPS-POL-001,policy,DevSecOps Policy - Software Defined Defence (SDD),draft,DSCB-L1-REQ-004,L1,secure_coding_practices,Secure Coding Practices,Establishes that the DevSecOps governance baseline is mandatory for applicable programs and platforms.
DEVSECOPS-POL-001,policy,DevSecOps Policy - Software Defined Defence (SDD),draft,DSCB-L1-REQ-005,L1,software_supply_chain_transparency,Software Supply Chain Transparency,Establishes that the DevSecOps governance baseline is mandatory for applicable programs and platforms.
DEVSECOPS-POL-001,policy,DevSecOps Policy - Software Defined Defence (SDD),draft,DSCB-L1-REQ-006,L1,software_supply_chain_transparency,Software Supply Chain Transparency,Establishes that the DevSecOps governance baseline is mandatory for applicable programs and platforms.
DEVSECOPS-POL-001,policy,DevSecOps Policy - Software Defined Defence (SDD),draft,DSCB-L1-REQ-007,L1,controlled_build_process,Controlled Build Process,Establishes that the DevSecOps governance baseline is mandatory for applicable programs and platforms.
DEVSECOPS-POL-001,policy,DevSecOps Policy - Software Defined Defence (SDD),draft,DSCB-L1-REQ-008,L1,controlled_build_process,Controlled Build Process,Establishes that the DevSecOps governance baseline is mandatory for applicable programs and platforms.
DEVSECOPS-POL-001,policy,DevSecOps Policy - Software Defined Defence (SDD),draft,DSCB-L1-REQ-009,L1,vulnerability_identification,Vulnerability Identification,Establishes that the DevSecOps governance baseline is mandatory for applicable programs and platforms.
DEVSECOPS-POL-001,policy,DevSecOps Policy - Software Defined Defence (SDD),draft,DSCB-L1-REQ-010,L1,vulnerability_identification,Vulnerability Identification,Establishes that the DevSecOps governance baseline is mandatory for applicable programs and platforms.
DEVSECOPS-POL-001,policy,DevSecOps Policy - Software Defined Defence (SDD),draft,DSCB-L1-REQ-011,L1,artifact_integrity,Artifact Integrity,Establishes that the DevSecOps governance baseline is mandatory for applicable programs and platforms.
DEVSECOPS-POL-001,policy,DevSecOps Policy - Software Defined Defence (SDD),draft,DSCB-L1-REQ-012,L1,artifact_integrity,Artifact Integrity,Establishes that the DevSecOps governance baseline is mandatory for applicable programs and platforms.
DEVSECOPS-POL-001,policy,DevSecOps Policy - Software Defined Defence (SDD),draft,DSCB-L1-REQ-013,L1,release_authorization,Release Authorization,Establishes that the DevSecOps governance baseline is mandatory for applicable programs and platforms.
DEVSECOPS-POL-001,policy,DevSecOps Policy - Software Defined Defence (SDD),draft,DSCB-L1-REQ-014,L1,release_authorization,Release Authorization,Establishes that the DevSecOps governance baseline is mandatory for applicable programs and platforms.
DEVSECOPS-POL-001,policy,DevSecOps Policy - Software Defined Defence (SDD),draft,DSCB-L1-REQ-015,L1,pipeline_evidence_generation,Pipeline Evidence Generation,Establishes that the DevSecOps governance baseline is mandatory for applicable programs and platforms.
DEVSECOPS-POL-001,policy,DevSecOps Policy - Software Defined Defence (SDD),draft,DSCB-L1-REQ-016,L1,operational_traceability,Operational Traceability,Establishes that the DevSecOps governance baseline is mandatory for applicable programs and platforms.
DEVSECOPS-POL-001,policy,DevSecOps Policy - Software Defined Defence (SDD),draft,DSCB-L2-REQ-001,L2,secure_development_environments,Secure Development Environments,Establishes that the DevSecOps governance baseline is mandatory for applicable programs and platforms.
DEVSECOPS-POL-001,policy,DevSecOps Policy - Software Defined Defence (SDD),draft,DSCB-L2-REQ-002,L2,secure_development_environments,Secure Development Environments,Establishes that the DevSecOps governance baseline is mandatory for applicable programs and platforms.
DEVSECOPS-POL-001,policy,DevSecOps Policy - Software Defined Defence (SDD),draft,DSCB-L2-REQ-003,L2,devsecops_platform_access_control,DevSecOps Platform Access Control,Establishes that the DevSecOps governance baseline is mandatory for applicable programs and platforms.
DEVSECOPS-POL-001,policy,DevSecOps Policy - Software Defined Defence (SDD),draft,DSCB-L2-REQ-004,L2,devsecops_platform_access_control,DevSecOps Platform Access Control,Establishes that the DevSecOps governance baseline is mandatory for applicable programs and platforms.
DEVSECOPS-POL-001,policy,DevSecOps Policy - Software Defined Defence (SDD),draft,DSCB-L2-REQ-005,L2,dependency_source_control,Dependency Source Control,Establishes that the DevSecOps governance baseline is mandatory for applicable programs and platforms.
DEVSECOPS-POL-001,policy,DevSecOps Policy - Software Defined Defence (SDD),draft,DSCB-L2-REQ-006,L2,dependency_source_control,Dependency Source Control,Establishes that the DevSecOps governance baseline is mandatory for applicable programs and platforms.
DEVSECOPS-POL-001,policy,DevSecOps Policy - Software Defined Defence (SDD),draft,DSCB-L2-REQ-007,L2,artifact_signing,Artifact Signing,Establishes that the DevSecOps governance baseline is mandatory for applicable programs and platforms.
DEVSECOPS-POL-001,policy,DevSecOps Policy - Software Defined Defence (SDD),draft,DSCB-L2-REQ-008,L2,artifact_signing,Artifact Signing,Establishes that the DevSecOps governance baseline is mandatory for applicable programs and platforms.
DEVSECOPS-POL-001,policy,DevSecOps Policy - Software Defined Defence (SDD),draft,DSCB-L2-REQ-009,L2,infrastructure_as_code,Infrastructure as Code,Establishes that the DevSecOps governance baseline is mandatory for applicable programs and platforms.
DEVSECOPS-POL-001,policy,DevSecOps Policy - Software Defined Defence (SDD),draft,DSCB-L2-REQ-010,L2,infrastructure_as_code,Infrastructure as Code,Establishes that the DevSecOps governance baseline is mandatory for applicable programs and platforms.
DEVSECOPS-POL-001,policy,DevSecOps Policy - Software Defined Defence (SDD),draft,DSCB-L2-REQ-011,L2,pipeline_security_gates,Pipeline Security Gates,Establishes that the DevSecOps governance baseline is mandatory for applicable programs and platforms.
DEVSECOPS-POL-001,policy,DevSecOps Policy - Software Defined Defence (SDD),draft,DSCB-L2-REQ-012,L2,pipeline_security_gates,Pipeline Security Gates,Establishes that the DevSecOps governance baseline is mandatory for applicable programs and platforms.
DEVSECOPS-POL-001,policy,DevSecOps Policy - Software Defined Defence (SDD),draft,DSCB-L2-REQ-013,L2,security_monitoring,Security Monitoring,Establishes that the DevSecOps governance baseline is mandatory for applicable programs and platforms.
DEVSECOPS-POL-001,policy,DevSecOps Policy - Software Defined Defence (SDD),draft,DSCB-L2-REQ-014,L2,security_monitoring,Security Monitoring,Establishes that the DevSecOps governance baseline is mandatory for applicable programs and platforms.
DEVSECOPS-POL-001,policy,DevSecOps Policy - Software Defined Defence (SDD),draft,DSCB-L3-REQ-001,L3,deterministic_builds,Deterministic Builds,Establishes that the DevSecOps governance baseline is mandatory for applicable programs and platforms.
DEVSECOPS-POL-001,policy,DevSecOps Policy - Software Defined Defence (SDD),draft,DSCB-L3-REQ-002,L3,deterministic_builds,Deterministic Builds,Establishes that the DevSecOps governance baseline is mandatory for applicable programs and platforms.
DEVSECOPS-POL-001,policy,DevSecOps Policy - Software Defined Defence (SDD),draft,DSCB-L3-REQ-003,L3,build_environment_isolation,Build Environment Isolation,Establishes that the DevSecOps governance baseline is mandatory for applicable programs and platforms.
DEVSECOPS-POL-001,policy,DevSecOps Policy - Software Defined Defence (SDD),draft,DSCB-L3-REQ-004,L3,build_environment_isolation,Build Environment Isolation,Establishes that the DevSecOps governance baseline is mandatory for applicable programs and platforms.
DEVSECOPS-POL-001,policy,DevSecOps Policy - Software Defined Defence (SDD),draft,DSCB-L3-REQ-005,L3,dependency_provenance,Dependency Provenance,Establishes that the DevSecOps governance baseline is mandatory for applicable programs and platforms.
DEVSECOPS-POL-001,policy,DevSecOps Policy - Software Defined Defence (SDD),draft,DSCB-L3-REQ-006,L3,dependency_provenance,Dependency Provenance,Establishes that the DevSecOps governance baseline is mandatory for applicable programs and platforms.
DEVSECOPS-POL-001,policy,DevSecOps Policy - Software Defined Defence (SDD),draft,DSCB-L3-REQ-007,L3,trusted_artifact_signing,Trusted Artifact Signing,Establishes that the DevSecOps governance baseline is mandatory for applicable programs and platforms.
DEVSECOPS-POL-001,policy,DevSecOps Policy - Software Defined Defence (SDD),draft,DSCB-L3-REQ-008,L3,trusted_artifact_signing,Trusted Artifact Signing,Establishes that the DevSecOps governance baseline is mandatory for applicable programs and platforms.
DEVSECOPS-POL-001,policy,DevSecOps Policy - Software Defined Defence (SDD),draft,DSCB-L3-REQ-009,L3,end_to_end_traceability,End-to-End Traceability,Establishes that the DevSecOps governance baseline is mandatory for applicable programs and platforms.
DEVSECOPS-POL-001,policy,DevSecOps Policy - Software Defined Defence (SDD),draft,DSCB-L3-REQ-010,L3,runtime_integrity_verification,Runtime Integrity Verification,Establishes that the DevSecOps governance baseline is mandatory for applicable programs and platforms.
DEVSECOPS-POL-001,policy,DevSecOps Policy - Software Defined Defence (SDD),draft,DSCB-L3-REQ-011,L3,continuous_compliance_evidence,Continuous Compliance Evidence,Establishes that the DevSecOps governance baseline is mandatory for applicable programs and platforms.
DEVSECOPS-DIR-001,directive,DevSecOps Directive,draft,DSCB-GOV-REQ-002,GOV,compliance_verification,Compliance Verification,"Defines operational compliance workflow, waiver handling, and binding execution rules for higher-assurance environments."
DEVSECOPS-DIR-001,directive,DevSecOps Directive,draft,DSCB-GOV-REQ-003,GOV,compliance_verification,Compliance Verification,"Defines operational compliance workflow, waiver handling, and binding execution rules for higher-assurance environments."
DEVSECOPS-DIR-001,directive,DevSecOps Directive,draft,DSCB-GOV-REQ-004,GOV,deviations,Deviations,"Defines operational compliance workflow, waiver handling, and binding execution rules for higher-assurance environments."
DEVSECOPS-DIR-001,directive,DevSecOps Directive,draft,DSCB-GOV-REQ-005,GOV,deviations,Deviations,"Defines operational compliance workflow, waiver handling, and binding execution rules for higher-assurance environments."
DEVSECOPS-DIR-001,directive,DevSecOps Directive,draft,DSCB-L2-REQ-001,L2,secure_development_environments,Secure Development Environments,"Defines operational compliance workflow, waiver handling, and binding execution rules for higher-assurance environments."
DEVSECOPS-DIR-001,directive,DevSecOps Directive,draft,DSCB-L2-REQ-002,L2,secure_development_environments,Secure Development Environments,"Defines operational compliance workflow, waiver handling, and binding execution rules for higher-assurance environments."
DEVSECOPS-DIR-001,directive,DevSecOps Directive,draft,DSCB-L2-REQ-003,L2,devsecops_platform_access_control,DevSecOps Platform Access Control,"Defines operational compliance workflow, waiver handling, and binding execution rules for higher-assurance environments."
DEVSECOPS-DIR-001,directive,DevSecOps Directive,draft,DSCB-L2-REQ-004,L2,devsecops_platform_access_control,DevSecOps Platform Access Control,"Defines operational compliance workflow, waiver handling, and binding execution rules for higher-assurance environments."
DEVSECOPS-DIR-001,directive,DevSecOps Directive,draft,DSCB-L2-REQ-005,L2,dependency_source_control,Dependency Source Control,"Defines operational compliance workflow, waiver handling, and binding execution rules for higher-assurance environments."
DEVSECOPS-DIR-001,directive,DevSecOps Directive,draft,DSCB-L2-REQ-006,L2,dependency_source_control,Dependency Source Control,"Defines operational compliance workflow, waiver handling, and binding execution rules for higher-assurance environments."
DEVSECOPS-DIR-001,directive,DevSecOps Directive,draft,DSCB-L2-REQ-007,L2,artifact_signing,Artifact Signing,"Defines operational compliance workflow, waiver handling, and binding execution rules for higher-assurance environments."
DEVSECOPS-DIR-001,directive,DevSecOps Directive,draft,DSCB-L2-REQ-008,L2,artifact_signing,Artifact Signing,"Defines operational compliance workflow, waiver handling, and binding execution rules for higher-assurance environments."
DEVSECOPS-DIR-001,directive,DevSecOps Directive,draft,DSCB-L2-REQ-009,L2,infrastructure_as_code,Infrastructure as Code,"Defines operational compliance workflow, waiver handling, and binding execution rules for higher-assurance environments."
DEVSECOPS-DIR-001,directive,DevSecOps Directive,draft,DSCB-L2-REQ-010,L2,infrastructure_as_code,Infrastructure as Code,"Defines operational compliance workflow, waiver handling, and binding execution rules for higher-assurance environments."
DEVSECOPS-DIR-001,directive,DevSecOps Directive,draft,DSCB-L2-REQ-011,L2,pipeline_security_gates,Pipeline Security Gates,"Defines operational compliance workflow, waiver handling, and binding execution rules for higher-assurance environments."
DEVSECOPS-DIR-001,directive,DevSecOps Directive,draft,DSCB-L2-REQ-012,L2,pipeline_security_gates,Pipeline Security Gates,"Defines operational compliance workflow, waiver handling, and binding execution rules for higher-assurance environments."
DEVSECOPS-DIR-001,directive,DevSecOps Directive,draft,DSCB-L2-REQ-013,L2,security_monitoring,Security Monitoring,"Defines operational compliance workflow, waiver handling, and binding execution rules for higher-assurance environments."
DEVSECOPS-DIR-001,directive,DevSecOps Directive,draft,DSCB-L2-REQ-014,L2,security_monitoring,Security Monitoring,"Defines operational compliance workflow, waiver handling, and binding execution rules for higher-assurance environments."
DEVSECOPS-DIR-001,directive,DevSecOps Directive,draft,DSCB-L3-REQ-001,L3,deterministic_builds,Deterministic Builds,"Defines operational compliance workflow, waiver handling, and binding execution rules for higher-assurance environments."
DEVSECOPS-DIR-001,directive,DevSecOps Directive,draft,DSCB-L3-REQ-002,L3,deterministic_builds,Deterministic Builds,"Defines operational compliance workflow, waiver handling, and binding execution rules for higher-assurance environments."
DEVSECOPS-DIR-001,directive,DevSecOps Directive,draft,DSCB-L3-REQ-003,L3,build_environment_isolation,Build Environment Isolation,"Defines operational compliance workflow, waiver handling, and binding execution rules for higher-assurance environments."
DEVSECOPS-DIR-001,directive,DevSecOps Directive,draft,DSCB-L3-REQ-004,L3,build_environment_isolation,Build Environment Isolation,"Defines operational compliance workflow, waiver handling, and binding execution rules for higher-assurance environments."
DEVSECOPS-DIR-001,directive,DevSecOps Directive,draft,DSCB-L3-REQ-005,L3,dependency_provenance,Dependency Provenance,"Defines operational compliance workflow, waiver handling, and binding execution rules for higher-assurance environments."
DEVSECOPS-DIR-001,directive,DevSecOps Directive,draft,DSCB-L3-REQ-006,L3,dependency_provenance,Dependency Provenance,"Defines operational compliance workflow, waiver handling, and binding execution rules for higher-assurance environments."
DEVSECOPS-DIR-001,directive,DevSecOps Directive,draft,DSCB-L3-REQ-007,L3,trusted_artifact_signing,Trusted Artifact Signing,"Defines operational compliance workflow, waiver handling, and binding execution rules for higher-assurance environments."
DEVSECOPS-DIR-001,directive,DevSecOps Directive,draft,DSCB-L3-REQ-008,L3,trusted_artifact_signing,Trusted Artifact Signing,"Defines operational compliance workflow, waiver handling, and binding execution rules for higher-assurance environments."
DEVSECOPS-DIR-001,directive,DevSecOps Directive,draft,DSCB-L3-REQ-009,L3,end_to_end_traceability,End-to-End Traceability,"Defines operational compliance workflow, waiver handling, and binding execution rules for higher-assurance environments."
DEVSECOPS-DIR-001,directive,DevSecOps Directive,draft,DSCB-L3-REQ-010,L3,runtime_integrity_verification,Runtime Integrity Verification,"Defines operational compliance workflow, waiver handling, and binding execution rules for higher-assurance environments."
DEVSECOPS-DIR-001,directive,DevSecOps Directive,draft,DSCB-L3-REQ-011,L3,continuous_compliance_evidence,Continuous Compliance Evidence,"Defines operational compliance workflow, waiver handling, and binding execution rules for higher-assurance environments."
DSCB-STD-001,standard,DevSecOps Control Baseline Standard,imported,DSCB-GOV-REQ-001,GOV,applicability,Applicability,Primary normative source for the structured control library.
DSCB-STD-001,standard,DevSecOps Control Baseline Standard,imported,DSCB-GOV-REQ-002,GOV,compliance_verification,Compliance Verification,Primary normative source for the structured control library.
DSCB-STD-001,standard,DevSecOps Control Baseline Standard,imported,DSCB-GOV-REQ-003,GOV,compliance_verification,Compliance Verification,Primary normative source for the structured control library.
DSCB-STD-001,standard,DevSecOps Control Baseline Standard,imported,DSCB-GOV-REQ-004,GOV,deviations,Deviations,Primary normative source for the structured control library.
DSCB-STD-001,standard,DevSecOps Control Baseline Standard,imported,DSCB-GOV-REQ-005,GOV,deviations,Deviations,Primary normative source for the structured control library.
DSCB-STD-001,standard,DevSecOps Control Baseline Standard,imported,DSCB-L1-REQ-001,L1,traceability,Traceability,Primary normative source for the structured control library.
DSCB-STD-001,standard,DevSecOps Control Baseline Standard,imported,DSCB-L1-REQ-002,L1,source_code_integrity,Source Code Integrity,Primary normative source for the structured control library.
DSCB-STD-001,standard,DevSecOps Control Baseline Standard,imported,DSCB-L1-REQ-003,L1,source_code_integrity,Source Code Integrity,Primary normative source for the structured control library.
DSCB-STD-001,standard,DevSecOps Control Baseline Standard,imported,DSCB-L1-REQ-004,L1,secure_coding_practices,Secure Coding Practices,Primary normative source for the structured control library.
DSCB-STD-001,standard,DevSecOps Control Baseline Standard,imported,DSCB-L1-REQ-005,L1,software_supply_chain_transparency,Software Supply Chain Transparency,Primary normative source for the structured control library.
DSCB-STD-001,standard,DevSecOps Control Baseline Standard,imported,DSCB-L1-REQ-006,L1,software_supply_chain_transparency,Software Supply Chain Transparency,Primary normative source for the structured control library.
DSCB-STD-001,standard,DevSecOps Control Baseline Standard,imported,DSCB-L1-REQ-007,L1,controlled_build_process,Controlled Build Process,Primary normative source for the structured control library.
DSCB-STD-001,standard,DevSecOps Control Baseline Standard,imported,DSCB-L1-REQ-008,L1,controlled_build_process,Controlled Build Process,Primary normative source for the structured control library.
DSCB-STD-001,standard,DevSecOps Control Baseline Standard,imported,DSCB-L1-REQ-009,L1,vulnerability_identification,Vulnerability Identification,Primary normative source for the structured control library.
DSCB-STD-001,standard,DevSecOps Control Baseline Standard,imported,DSCB-L1-REQ-010,L1,vulnerability_identification,Vulnerability Identification,Primary normative source for the structured control library.
DSCB-STD-001,standard,DevSecOps Control Baseline Standard,imported,DSCB-L1-REQ-011,L1,artifact_integrity,Artifact Integrity,Primary normative source for the structured control library.
DSCB-STD-001,standard,DevSecOps Control Baseline Standard,imported,DSCB-L1-REQ-012,L1,artifact_integrity,Artifact Integrity,Primary normative source for the structured control library.
DSCB-STD-001,standard,DevSecOps Control Baseline Standard,imported,DSCB-L1-REQ-013,L1,release_authorization,Release Authorization,Primary normative source for the structured control library.
DSCB-STD-001,standard,DevSecOps Control Baseline Standard,imported,DSCB-L1-REQ-014,L1,release_authorization,Release Authorization,Primary normative source for the structured control library.
DSCB-STD-001,standard,DevSecOps Control Baseline Standard,imported,DSCB-L1-REQ-015,L1,pipeline_evidence_generation,Pipeline Evidence Generation,Primary normative source for the structured control library.
DSCB-STD-001,standard,DevSecOps Control Baseline Standard,imported,DSCB-L1-REQ-016,L1,operational_traceability,Operational Traceability,Primary normative source for the structured control library.
DSCB-STD-001,standard,DevSecOps Control Baseline Standard,imported,DSCB-L2-REQ-001,L2,secure_development_environments,Secure Development Environments,Primary normative source for the structured control library.
DSCB-STD-001,standard,DevSecOps Control Baseline Standard,imported,DSCB-L2-REQ-002,L2,secure_development_environments,Secure Development Environments,Primary normative source for the structured control library.
DSCB-STD-001,standard,DevSecOps Control Baseline Standard,imported,DSCB-L2-REQ-003,L2,devsecops_platform_access_control,DevSecOps Platform Access Control,Primary normative source for the structured control library.
DSCB-STD-001,standard,DevSecOps Control Baseline Standard,imported,DSCB-L2-REQ-004,L2,devsecops_platform_access_control,DevSecOps Platform Access Control,Primary normative source for the structured control library.
DSCB-STD-001,standard,DevSecOps Control Baseline Standard,imported,DSCB-L2-REQ-005,L2,dependency_source_control,Dependency Source Control,Primary normative source for the structured control library.
DSCB-STD-001,standard,DevSecOps Control Baseline Standard,imported,DSCB-L2-REQ-006,L2,dependency_source_control,Dependency Source Control,Primary normative source for the structured control library.
DSCB-STD-001,standard,DevSecOps Control Baseline Standard,imported,DSCB-L2-REQ-007,L2,artifact_signing,Artifact Signing,Primary normative source for the structured control library.
DSCB-STD-001,standard,DevSecOps Control Baseline Standard,imported,DSCB-L2-REQ-008,L2,artifact_signing,Artifact Signing,Primary normative source for the structured control library.
DSCB-STD-001,standard,DevSecOps Control Baseline Standard,imported,DSCB-L2-REQ-009,L2,infrastructure_as_code,Infrastructure as Code,Primary normative source for the structured control library.
DSCB-STD-001,standard,DevSecOps Control Baseline Standard,imported,DSCB-L2-REQ-010,L2,infrastructure_as_code,Infrastructure as Code,Primary normative source for the structured control library.
DSCB-STD-001,standard,DevSecOps Control Baseline Standard,imported,DSCB-L2-REQ-011,L2,pipeline_security_gates,Pipeline Security Gates,Primary normative source for the structured control library.
DSCB-STD-001,standard,DevSecOps Control Baseline Standard,imported,DSCB-L2-REQ-012,L2,pipeline_security_gates,Pipeline Security Gates,Primary normative source for the structured control library.
DSCB-STD-001,standard,DevSecOps Control Baseline Standard,imported,DSCB-L2-REQ-013,L2,security_monitoring,Security Monitoring,Primary normative source for the structured control library.
DSCB-STD-001,standard,DevSecOps Control Baseline Standard,imported,DSCB-L2-REQ-014,L2,security_monitoring,Security Monitoring,Primary normative source for the structured control library.
DSCB-STD-001,standard,DevSecOps Control Baseline Standard,imported,DSCB-L3-REQ-001,L3,deterministic_builds,Deterministic Builds,Primary normative source for the structured control library.
DSCB-STD-001,standard,DevSecOps Control Baseline Standard,imported,DSCB-L3-REQ-002,L3,deterministic_builds,Deterministic Builds,Primary normative source for the structured control library.
DSCB-STD-001,standard,DevSecOps Control Baseline Standard,imported,DSCB-L3-REQ-003,L3,build_environment_isolation,Build Environment Isolation,Primary normative source for the structured control library.
DSCB-STD-001,standard,DevSecOps Control Baseline Standard,imported,DSCB-L3-REQ-004,L3,build_environment_isolation,Build Environment Isolation,Primary normative source for the structured control library.
DSCB-STD-001,standard,DevSecOps Control Baseline Standard,imported,DSCB-L3-REQ-005,L3,dependency_provenance,Dependency Provenance,Primary normative source for the structured control library.
DSCB-STD-001,standard,DevSecOps Control Baseline Standard,imported,DSCB-L3-REQ-006,L3,dependency_provenance,Dependency Provenance,Primary normative source for the structured control library.
DSCB-STD-001,standard,DevSecOps Control Baseline Standard,imported,DSCB-L3-REQ-007,L3,trusted_artifact_signing,Trusted Artifact Signing,Primary normative source for the structured control library.
DSCB-STD-001,standard,DevSecOps Control Baseline Standard,imported,DSCB-L3-REQ-008,L3,trusted_artifact_signing,Trusted Artifact Signing,Primary normative source for the structured control library.
DSCB-STD-001,standard,DevSecOps Control Baseline Standard,imported,DSCB-L3-REQ-009,L3,end_to_end_traceability,End-to-End Traceability,Primary normative source for the structured control library.
DSCB-STD-001,standard,DevSecOps Control Baseline Standard,imported,DSCB-L3-REQ-010,L3,runtime_integrity_verification,Runtime Integrity Verification,Primary normative source for the structured control library.
DSCB-STD-001,standard,DevSecOps Control Baseline Standard,imported,DSCB-L3-REQ-011,L3,continuous_compliance_evidence,Continuous Compliance Evidence,Primary normative source for the structured control library.
PRA-STD-001,standard,DevSecOps Platform Reference Architecture Standard,imported,DSCB-L1-REQ-001,L1,traceability,Traceability,Primary normative source for platform capability mappings and required platform levels.
PRA-STD-001,standard,DevSecOps Platform Reference Architecture Standard,imported,DSCB-L1-REQ-002,L1,source_code_integrity,Source Code Integrity,Primary normative source for platform capability mappings and required platform levels.
PRA-STD-001,standard,DevSecOps Platform Reference Architecture Standard,imported,DSCB-L1-REQ-003,L1,source_code_integrity,Source Code Integrity,Primary normative source for platform capability mappings and required platform levels.
PRA-STD-001,standard,DevSecOps Platform Reference Architecture Standard,imported,DSCB-L1-REQ-004,L1,secure_coding_practices,Secure Coding Practices,Primary normative source for platform capability mappings and required platform levels.
PRA-STD-001,standard,DevSecOps Platform Reference Architecture Standard,imported,DSCB-L1-REQ-005,L1,software_supply_chain_transparency,Software Supply Chain Transparency,Primary normative source for platform capability mappings and required platform levels.
PRA-STD-001,standard,DevSecOps Platform Reference Architecture Standard,imported,DSCB-L1-REQ-006,L1,software_supply_chain_transparency,Software Supply Chain Transparency,Primary normative source for platform capability mappings and required platform levels.
PRA-STD-001,standard,DevSecOps Platform Reference Architecture Standard,imported,DSCB-L1-REQ-007,L1,controlled_build_process,Controlled Build Process,Primary normative source for platform capability mappings and required platform levels.
PRA-STD-001,standard,DevSecOps Platform Reference Architecture Standard,imported,DSCB-L1-REQ-008,L1,controlled_build_process,Controlled Build Process,Primary normative source for platform capability mappings and required platform levels.
PRA-STD-001,standard,DevSecOps Platform Reference Architecture Standard,imported,DSCB-L1-REQ-009,L1,vulnerability_identification,Vulnerability Identification,Primary normative source for platform capability mappings and required platform levels.
PRA-STD-001,standard,DevSecOps Platform Reference Architecture Standard,imported,DSCB-L1-REQ-010,L1,vulnerability_identification,Vulnerability Identification,Primary normative source for platform capability mappings and required platform levels.
PRA-STD-001,standard,DevSecOps Platform Reference Architecture Standard,imported,DSCB-L1-REQ-011,L1,artifact_integrity,Artifact Integrity,Primary normative source for platform capability mappings and required platform levels.
PRA-STD-001,standard,DevSecOps Platform Reference Architecture Standard,imported,DSCB-L1-REQ-012,L1,artifact_integrity,Artifact Integrity,Primary normative source for platform capability mappings and required platform levels.
PRA-STD-001,standard,DevSecOps Platform Reference Architecture Standard,imported,DSCB-L1-REQ-013,L1,release_authorization,Release Authorization,Primary normative source for platform capability mappings and required platform levels.
PRA-STD-001,standard,DevSecOps Platform Reference Architecture Standard,imported,DSCB-L1-REQ-014,L1,release_authorization,Release Authorization,Primary normative source for platform capability mappings and required platform levels.
PRA-STD-001,standard,DevSecOps Platform Reference Architecture Standard,imported,DSCB-L1-REQ-015,L1,pipeline_evidence_generation,Pipeline Evidence Generation,Primary normative source for platform capability mappings and required platform levels.
PRA-STD-001,standard,DevSecOps Platform Reference Architecture Standard,imported,DSCB-L1-REQ-016,L1,operational_traceability,Operational Traceability,Primary normative source for platform capability mappings and required platform levels.
PRA-STD-001,standard,DevSecOps Platform Reference Architecture Standard,imported,DSCB-L2-REQ-001,L2,secure_development_environments,Secure Development Environments,Primary normative source for platform capability mappings and required platform levels.
PRA-STD-001,standard,DevSecOps Platform Reference Architecture Standard,imported,DSCB-L2-REQ-002,L2,secure_development_environments,Secure Development Environments,Primary normative source for platform capability mappings and required platform levels.
PRA-STD-001,standard,DevSecOps Platform Reference Architecture Standard,imported,DSCB-L2-REQ-003,L2,devsecops_platform_access_control,DevSecOps Platform Access Control,Primary normative source for platform capability mappings and required platform levels.
PRA-STD-001,standard,DevSecOps Platform Reference Architecture Standard,imported,DSCB-L2-REQ-004,L2,devsecops_platform_access_control,DevSecOps Platform Access Control,Primary normative source for platform capability mappings and required platform levels.
PRA-STD-001,standard,DevSecOps Platform Reference Architecture Standard,imported,DSCB-L2-REQ-005,L2,dependency_source_control,Dependency Source Control,Primary normative source for platform capability mappings and required platform levels.
PRA-STD-001,standard,DevSecOps Platform Reference Architecture Standard,imported,DSCB-L2-REQ-006,L2,dependency_source_control,Dependency Source Control,Primary normative source for platform capability mappings and required platform levels.
PRA-STD-001,standard,DevSecOps Platform Reference Architecture Standard,imported,DSCB-L2-REQ-007,L2,artifact_signing,Artifact Signing,Primary normative source for platform capability mappings and required platform levels.
PRA-STD-001,standard,DevSecOps Platform Reference Architecture Standard,imported,DSCB-L2-REQ-008,L2,artifact_signing,Artifact Signing,Primary normative source for platform capability mappings and required platform levels.
PRA-STD-001,standard,DevSecOps Platform Reference Architecture Standard,imported,DSCB-L2-REQ-009,L2,infrastructure_as_code,Infrastructure as Code,Primary normative source for platform capability mappings and required platform levels.
PRA-STD-001,standard,DevSecOps Platform Reference Architecture Standard,imported,DSCB-L2-REQ-010,L2,infrastructure_as_code,Infrastructure as Code,Primary normative source for platform capability mappings and required platform levels.
PRA-STD-001,standard,DevSecOps Platform Reference Architecture Standard,imported,DSCB-L2-REQ-011,L2,pipeline_security_gates,Pipeline Security Gates,Primary normative source for platform capability mappings and required platform levels.
PRA-STD-001,standard,DevSecOps Platform Reference Architecture Standard,imported,DSCB-L2-REQ-012,L2,pipeline_security_gates,Pipeline Security Gates,Primary normative source for platform capability mappings and required platform levels.
PRA-STD-001,standard,DevSecOps Platform Reference Architecture Standard,imported,DSCB-L2-REQ-013,L2,security_monitoring,Security Monitoring,Primary normative source for platform capability mappings and required platform levels.
PRA-STD-001,standard,DevSecOps Platform Reference Architecture Standard,imported,DSCB-L2-REQ-014,L2,security_monitoring,Security Monitoring,Primary normative source for platform capability mappings and required platform levels.
PRA-STD-001,standard,DevSecOps Platform Reference Architecture Standard,imported,DSCB-L3-REQ-001,L3,deterministic_builds,Deterministic Builds,Primary normative source for platform capability mappings and required platform levels.
PRA-STD-001,standard,DevSecOps Platform Reference Architecture Standard,imported,DSCB-L3-REQ-002,L3,deterministic_builds,Deterministic Builds,Primary normative source for platform capability mappings and required platform levels.
PRA-STD-001,standard,DevSecOps Platform Reference Architecture Standard,imported,DSCB-L3-REQ-003,L3,build_environment_isolation,Build Environment Isolation,Primary normative source for platform capability mappings and required platform levels.
PRA-STD-001,standard,DevSecOps Platform Reference Architecture Standard,imported,DSCB-L3-REQ-004,L3,build_environment_isolation,Build Environment Isolation,Primary normative source for platform capability mappings and required platform levels.
PRA-STD-001,standard,DevSecOps Platform Reference Architecture Standard,imported,DSCB-L3-REQ-005,L3,dependency_provenance,Dependency Provenance,Primary normative source for platform capability mappings and required platform levels.
PRA-STD-001,standard,DevSecOps Platform Reference Architecture Standard,imported,DSCB-L3-REQ-006,L3,dependency_provenance,Dependency Provenance,Primary normative source for platform capability mappings and required platform levels.
PRA-STD-001,standard,DevSecOps Platform Reference Architecture Standard,imported,DSCB-L3-REQ-007,L3,trusted_artifact_signing,Trusted Artifact Signing,Primary normative source for platform capability mappings and required platform levels.
PRA-STD-001,standard,DevSecOps Platform Reference Architecture Standard,imported,DSCB-L3-REQ-008,L3,trusted_artifact_signing,Trusted Artifact Signing,Primary normative source for platform capability mappings and required platform levels.
PRA-STD-001,standard,DevSecOps Platform Reference Architecture Standard,imported,DSCB-L3-REQ-009,L3,end_to_end_traceability,End-to-End Traceability,Primary normative source for platform capability mappings and required platform levels.
PRA-STD-001,standard,DevSecOps Platform Reference Architecture Standard,imported,DSCB-L3-REQ-010,L3,runtime_integrity_verification,Runtime Integrity Verification,Primary normative source for platform capability mappings and required platform levels.
PRA-STD-001,standard,DevSecOps Platform Reference Architecture Standard,imported,DSCB-L3-REQ-011,L3,continuous_compliance_evidence,Continuous Compliance Evidence,Primary normative source for platform capability mappings and required platform levels.
